{"name":"1879ab20-785a-43e0-8471-711591d779af","id":"/providers/Microsoft.Flow/flows/1879ab20-785a-43e0-8471-711591d779af","type":"Microsoft.Flow/flows","properties":{"apiId":"/providers/Microsoft.PowerApps/apis/shared_logicflows","displayName":"Copy Email from Office 365 Outlook to OneDrive","definition":{"metadata":{"workflowEntityId":null,"flowclientsuspensionreason":"None","flowclientsuspensiontime":null,"creator":{"id":"a2d97d73-0d63-4a2a-afef-7d8fb545695d","type":"User","tenantId":"41eb501a-f671-4ce0-a5bf-b64168c3705f"},"provisioningMethod":"FromDefinition","failureAlertSubscription":true,"clientLastModifiedTime":"2021-04-12T10:01:29.2504712Z"},"$schema":"https://schema.management.azure.com/providers/Microsoft.Logic/schemas/2016-06-01/workflowdefinition.json#","contentVersion":"1.0.0.0","parameters":{"$connections":{"defaultValue":{},"type":"Object"},"$authentication":{"defaultValue":{},"type":"SecureObject"}},"triggers":{"When_a_new_email_arrives_(V3)":{"splitOn":"@triggerOutputs()?['body/value']","type":"OpenApiConnectionNotification","inputs":{"host":{"apiId":"/providers/Microsoft.PowerApps/apis/shared_office365","connectionName":"shared_office365","operationId":"OnNewEmailV3"},"parameters":{"folderPath":"Inbox","includeAttachments":false,"importance":"Any","fetchOnlyWithAttachment":false},"authentication":"@parameters('$authentication')"}}},"actions":{"Export_email_(V2)":{"runAfter":{"Email_Backup_Path":["Succeeded"]},"type":"OpenApiConnection","inputs":{"host":{"apiId":"/providers/Microsoft.PowerApps/apis/shared_office365","connectionName":"shared_office365","operationId":"ExportEmail_V2"},"parameters":{"messageId":"@triggerOutputs()?['body/id']","mailboxAddress":"sadasiv.padhiary@in.cpm-int.com;"},"authentication":"@parameters('$authentication')"}},"Create_file":{"runAfter":{"File_Name":["Succeeded"]},"type":"OpenApiConnection","inputs":{"host":{"apiId":"/providers/Microsoft.PowerApps/apis/shared_onedriveforbusiness","connectionName":"shared_onedriveforbusiness","operationId":"CreateFile"},"parameters":{"folderPath":"@variables('BackupPath')","name":"@{variables('FileName')}.eml","body":"@outputs('Export_email_(V2)')?['body']"},"authentication":"@parameters('$authentication')"},"runtimeConfiguration":{"contentTransfer":{"transferMode":"Chunked"}}},"Add_a_row_into_a_table":{"runAfter":{"Create_share_link":["Succeeded"]},"metadata":{"01U35AE3R5NYFFOG33M5FILQY77ANER67O":"/Outlook Email Backup/Email Backup Log.xlsx","tableId":"{9D21FA7E-4CE8-45F7-A538-2507DA4F654E}"},"type":"OpenApiConnection","inputs":{"host":{"apiId":"/providers/Microsoft.PowerApps/apis/shared_excelonlinebusiness","connectionName":"shared_excelonlinebusiness","operationId":"AddRowV2"},"parameters":{"source":"me","drive":"b!TUgcVHxpwkGtt5GmHV4tCFYk3ObHJZVKuxdCe3BXT2liYu4fAxqjTbx7UnEqeu6r","file":"01U35AE3R5NYFFOG33M5FILQY77ANER67O","table":"{9D21FA7E-4CE8-45F7-A538-2507DA4F654E}","item/ID":"@variables('ID')","item/Email Backup Date":"@body('Convert_time_zone_(Current_Date_Time)')","item/Email Received (Year)":"@outputs('Compose-Year')","item/Email Received (Month)":"@outputs('Compose-Month')","item/Email Received (Date)":"@outputs('Compose-Date')","item/Email Received Date":"@body('Convert_Time_Zone')","item/Email Received From":"@triggerOutputs()?['body/from']","item/Email Sent To":"@triggerOutputs()?['body/toRecipients']","item/Email Sent (CC)":"@triggerOutputs()?['body/ccRecipients']","item/Email Subject":"@triggerOutputs()?['body/subject']","item/Email Body Preview":"@triggerOutputs()?['body/bodyPreview']","item/Does Email Has Attachment ?":"@triggerOutputs()?['body/hasAttachments']","item/Email Backup Path":"@variables('BackupPath')","item/Email Backup File Name":"@variables('FileName')","item/Link to email":"@outputs('Create_share_link')?['body/WebUrl']"},"authentication":"@parameters('$authentication')"}},"Email_Backup_Path":{"runAfter":{"Convert_time_zone_(Current_Date_Time)":["Succeeded"]},"type":"InitializeVariable","inputs":{"variables":[{"name":"BackupPath","type":"string","value":"/Outlook Email Backup/Inbox/@{triggerOutputs()?['body/from']}/@{formatDateTime(body('Convert_Time_Zone'),'yyyy-MM-dd')}"}]}},"Generate_a_Unique_ID":{"runAfter":{},"type":"InitializeVariable","inputs":{"variables":[{"name":"ID","type":"string","value":"@{formatDateTime(utcNow(),'ID_yyyyMMddhhmmss')}"}]}},"File_Name":{"runAfter":{"Export_email_(V2)":["Succeeded"]},"type":"InitializeVariable","inputs":{"variables":[{"name":"FileName","type":"string","value":"@variables('ID')"}]}},"Current_DateTime":{"runAfter":{"Compose-Date":["Succeeded"]},"type":"InitializeVariable","inputs":{"variables":[{"name":"Current DateTime","type":"string","value":"@{utcNow()}"}]}},"Convert_time_zone_(Current_Date_Time)":{"runAfter":{"Current_DateTime":["Succeeded"]},"type":"Expression","kind":"ConvertTimeZone","inputs":{"baseTime":"@variables('Current DateTime')","formatString":"yyyy-MM-dd HH:mm:ss ","sourceTimeZone":"UTC","destinationTimeZone":"India Standard Time"}},"Convert_Time_Zone":{"runAfter":{"Generate_a_Unique_ID":["Succeeded"]},"type":"Expression","kind":"ConvertTimeZone","inputs":{"baseTime":"@triggerOutputs()?['body/receivedDateTime']","formatString":"yyyy-MM-dd HH:mm:ss ","sourceTimeZone":"UTC","destinationTimeZone":"India Standard Time"},"description":"Convert time zone (Email Received Date Time)"},"Compose-Year":{"runAfter":{"Convert_Time_Zone":["Succeeded"]},"type":"Compose","inputs":"@formatDateTime(body('Convert_Time_Zone'),'yyyy')"},"Compose-Month":{"runAfter":{"Compose-Year":["Succeeded"]},"type":"Compose","inputs":"@formatDateTime(body('Convert_Time_Zone'),'MM')"},"Compose-Date":{"runAfter":{"Compose-Month":["Succeeded"]},"type":"Compose","inputs":"@formatDateTime(body('Convert_Time_Zone'),'dd')"},"Create_share_link":{"runAfter":{"Create_file":["Succeeded"]},"type":"OpenApiConnection","inputs":{"host":{"apiId":"/providers/Microsoft.PowerApps/apis/shared_onedriveforbusiness","connectionName":"shared_onedriveforbusiness","operationId":"CreateShareLink"},"parameters":{"id":"@outputs('Create_file')?['body/Id']","type":"View","scope":"Organization"},"authentication":"@parameters('$authentication')"}}},"outputs":{}},"connectionReferences":{"shared_office365":{"connectionName":"shared-office365-f1c20fde-65c6-4f0c-bcb4-ceac-41c55300","source":"Embedded","id":"/providers/Microsoft.PowerApps/apis/shared_office365","tier":"NotSpecified"},"shared_onedriveforbusiness":{"connectionName":"704cfd42f90d4fabbe1d1816458ad99e","source":"Embedded","id":"/providers/Microsoft.PowerApps/apis/shared_onedriveforbusiness","tier":"NotSpecified"},"shared_excelonlinebusiness":{"connectionName":"14972e83446e4aef8ff2310bb41417be","source":"Embedded","id":"/providers/Microsoft.PowerApps/apis/shared_excelonlinebusiness","tier":"NotSpecified"}},"flowFailureAlertSubscribed":false}}