{"name":"095f18cd-7c6a-4353-a511-b79acc83783e","id":"/providers/Microsoft.Flow/flows/095f18cd-7c6a-4353-a511-b79acc83783e","type":"Microsoft.Flow/flows","properties":{"apiId":"/providers/Microsoft.PowerApps/apis/shared_logicflows","displayName":"Copy Email from Office 365 Outlook to OneDrive","definition":{"metadata":{"workflowEntityId":null,"flowclientsuspensionreason":"None","flowclientsuspensiontime":null,"creator":{"id":"a2d97d73-0d63-4a2a-afef-7d8fb545695d","type":"User","tenantId":"41eb501a-f671-4ce0-a5bf-b64168c3705f"},"provisioningMethod":"FromDefinition","failureAlertSubscription":true,"clientLastModifiedTime":"2021-04-03T09:29:53.7786278Z"},"$schema":"https://schema.management.azure.com/providers/Microsoft.Logic/schemas/2016-06-01/workflowdefinition.json#","contentVersion":"1.0.0.0","parameters":{"$connections":{"defaultValue":{},"type":"Object"},"$authentication":{"defaultValue":{},"type":"SecureObject"}},"triggers":{"When_a_new_email_arrives_(V3)":{"splitOn":"@triggerOutputs()?['body/value']","type":"OpenApiConnectionNotification","inputs":{"host":{"apiId":"/providers/Microsoft.PowerApps/apis/shared_office365","connectionName":"shared_office365","operationId":"OnNewEmailV3"},"parameters":{"folderPath":"Inbox","includeAttachments":false,"importance":"Any","fetchOnlyWithAttachment":false},"authentication":"@parameters('$authentication')"}}},"actions":{"Export_email_(V2)":{"runAfter":{"Email_Backup_Path":["Succeeded"]},"type":"OpenApiConnection","inputs":{"host":{"apiId":"/providers/Microsoft.PowerApps/apis/shared_office365","connectionName":"shared_office365","operationId":"ExportEmail_V2"},"parameters":{"messageId":"@triggerOutputs()?['body/id']","mailboxAddress":"sadasiv.padhiary@in.cpm-int.com;"},"authentication":"@parameters('$authentication')"}},"Create_file":{"runAfter":{"File_Name":["Succeeded"]},"type":"OpenApiConnection","inputs":{"host":{"apiId":"/providers/Microsoft.PowerApps/apis/shared_onedriveforbusiness","connectionName":"shared_onedriveforbusiness","operationId":"CreateFile"},"parameters":{"folderPath":"@variables('BackupPath')","name":"@{variables('FileName')}.msg","body":"@outputs('Export_email_(V2)')?['body']"},"authentication":"@parameters('$authentication')"},"runtimeConfiguration":{"contentTransfer":{"transferMode":"Chunked"}}},"Add_a_row_into_a_table":{"runAfter":{"Create_file":["Succeeded"]},"metadata":{"01U35AE3R5NYFFOG33M5FILQY77ANER67O":"/Email Backup/Email Backup Log.xlsx","tableId":"{9D21FA7E-4CE8-45F7-A538-2507DA4F654E}"},"type":"OpenApiConnection","inputs":{"host":{"apiId":"/providers/Microsoft.PowerApps/apis/shared_excelonlinebusiness","connectionName":"shared_excelonlinebusiness","operationId":"AddRowV2"},"parameters":{"source":"me","drive":"b!TUgcVHxpwkGtt5GmHV4tCFYk3ObHJZVKuxdCe3BXT2liYu4fAxqjTbx7UnEqeu6r","file":"01U35AE3R5NYFFOG33M5FILQY77ANER67O","table":"{9D21FA7E-4CE8-45F7-A538-2507DA4F654E}","item/ID":"@variables('ID')","item/Received Date":"@triggerOutputs()?['body/receivedDateTime']","item/From":"@triggerOutputs()?['body/from']","item/To":"@triggerOutputs()?['body/toRecipients']","item/CC":"@triggerOutputs()?['body/ccRecipients']","item/Subject":"@triggerOutputs()?['body/subject']","item/Body":"@triggerOutputs()?['body/bodyPreview']","item/Has Attachment":"@triggerOutputs()?['body/hasAttachments']","item/Backup Path":"@variables('BackupPath')","item/Backup File Name":"@variables('FileName')"},"authentication":"@parameters('$authentication')"}},"Email_Backup_Path":{"runAfter":{"Current_DateTime":["Succeeded"]},"type":"InitializeVariable","inputs":{"variables":[{"name":"BackupPath","type":"string","value":"/Email Backup/@{triggerOutputs()?['body/from']}/@{formatDateTime(utcNow(),'yyyy-MM-dd')}"}]}},"Generate_a_Unique_ID":{"runAfter":{},"type":"InitializeVariable","inputs":{"variables":[{"name":"ID","type":"string","value":"@{utcNow()}"}]}},"File_Name":{"runAfter":{"Export_email_(V2)":["Succeeded"]},"type":"InitializeVariable","inputs":{"variables":[{"name":"FileName","type":"string","value":"@{triggerOutputs()?['body/subject']}_@{variables('Email Received DateTime')}"}]}},"Current_DateTime":{"runAfter":{"Generate_a_Unique_ID":["Succeeded"]},"type":"InitializeVariable","inputs":{"variables":[{"name":"Email Received DateTime","type":"string","value":"@{formatDateTime(utcNow(),'yyyymmddhhMMss')}"}]}}},"outputs":{}},"connectionReferences":{"shared_office365":{"connectionName":"shared-office365-f1c20fde-65c6-4f0c-bcb4-ceac-41c55300","source":"Embedded","id":"/providers/Microsoft.PowerApps/apis/shared_office365","tier":"NotSpecified"},"shared_onedriveforbusiness":{"connectionName":"704cfd42f90d4fabbe1d1816458ad99e","source":"Embedded","id":"/providers/Microsoft.PowerApps/apis/shared_onedriveforbusiness","tier":"NotSpecified"},"shared_excelonlinebusiness":{"connectionName":"14972e83446e4aef8ff2310bb41417be","source":"Embedded","id":"/providers/Microsoft.PowerApps/apis/shared_excelonlinebusiness","tier":"NotSpecified"}},"flowFailureAlertSubscribed":false}}